"php:S1481","MINOR","mailbbs:htmltemplate.inc",19,"mailbbs","Remove this unused ""$val"" local variable.","CODE_SMELL"
"php:S1481","MINOR","mailbbs:htmltemplate.inc",32,"mailbbs","Remove this unused ""$val"" local variable.","CODE_SMELL"
"php:S1481","MINOR","mailbbs:htmltemplate.inc",85,"mailbbs","Remove this unused ""$val"" local variable.","CODE_SMELL"
"php:S121","CRITICAL","mailbbs:htmltemplate.inc",87,"mailbbs","Add curly braces around the nested statement(s).","CODE_SMELL"
"php:S121","CRITICAL","mailbbs:htmltemplate.inc",88,"mailbbs","Add curly braces around the nested statement(s).","CODE_SMELL"
"php:S121","CRITICAL","mailbbs:htmltemplate.inc",90,"mailbbs","Add curly braces around the nested statement(s).","CODE_SMELL"
"php:S1142","MAJOR","mailbbs:htmltemplate.inc",109,"mailbbs","Reduce the number of returns of this function 5, down to the maximum allowed 3.","CODE_SMELL"
"php:S121","CRITICAL","mailbbs:htmltemplate.inc",110,"mailbbs","Add curly braces around the nested statement(s).","CODE_SMELL"
"php:S121","CRITICAL","mailbbs:htmltemplate.inc",112,"mailbbs","Add curly braces around the nested statement(s).","CODE_SMELL"
"php:S1871","MAJOR","mailbbs:htmltemplate.inc",113,"mailbbs","This branch's code block is the same as the block for the branch on line 112.","CODE_SMELL"
"php:S121","CRITICAL","mailbbs:htmltemplate.inc",113,"mailbbs","Add curly braces around the nested statement(s).","CODE_SMELL"
"php:S1871","MAJOR","mailbbs:htmltemplate.inc",114,"mailbbs","This branch's code block is the same as the block for the branch on line 112.","CODE_SMELL"
"php:S121","CRITICAL","mailbbs:htmltemplate.inc",114,"mailbbs","Add curly braces around the nested statement(s).","CODE_SMELL"
"php:S2010","MINOR","mailbbs:htmltemplate.inc",115,"mailbbs","Replace ""and"" with ""&&"".","CODE_SMELL"
"php:S1481","MINOR","mailbbs:htmltemplate.inc",127,"mailbbs","Remove this unused ""$tm"" local variable.","CODE_SMELL"
"php:S3776","CRITICAL","mailbbs:htmltemplate.inc",145,"mailbbs","Refactor this function to reduce its Cognitive Complexity from 24 to the 15 allowed.","CODE_SMELL"
"php:S1481","MINOR","mailbbs:htmltemplate.inc",151,"mailbbs","Remove this unused ""$acc"" local variable.","CODE_SMELL"
"php:S1481","MINOR","mailbbs:htmltemplate.inc",164,"mailbbs","Remove this unused ""$loopid1"" local variable.","CODE_SMELL"
"php:S125","MAJOR","mailbbs:htmltemplate.inc",185,"mailbbs","Remove this commented out code.","CODE_SMELL"
"php:S1488","MINOR","mailbbs:htmltemplate.inc",221,"mailbbs","Immediately return this expression instead of assigning it to the temporary variable ""$str2"".","CODE_SMELL"
"php:S1600","MAJOR","mailbbs:mailbbs.php",11,"mailbbs","Replace this use of the deprecated ""$HTTP_GET_VARS"" variable with ""$_GET"".","CODE_SMELL"
"php:S1600","MAJOR","mailbbs:mailbbs.php",12,"mailbbs","Replace this use of the deprecated ""$HTTP_POST_VARS"" variable with ""$_POST"".","CODE_SMELL"
"php:S1600","MAJOR","mailbbs:mailbbs.php",13,"mailbbs","Replace this use of the deprecated ""$HTTP_SERVER_VARS"" variable with ""$_SERVER"".","CODE_SMELL"
"php:S1871","MAJOR","mailbbs:mailbbs.php",20,"mailbbs","This branch's code block is the same as the block for the branch on line 18.","CODE_SMELL"
"php:S1871","MAJOR","mailbbs:mailbbs.php",22,"mailbbs","This branch's code block is the same as the block for the branch on line 18.","CODE_SMELL"
"php:S121","CRITICAL","mailbbs:mailbbs.php",39,"mailbbs","Add curly braces around the nested statement(s).","CODE_SMELL"
"php:S1192","CRITICAL","mailbbs:mailbbs.php",41,"mailbbs","Define a constant instead of duplicating this literal ""subject"" 3 times.","CODE_SMELL"
"php:S1066","MAJOR","mailbbs:mailbbs.php",89,"mailbbs","Merge this if statement with the enclosing one.","CODE_SMELL"
"php:S1192","CRITICAL","mailbbs:mailbbs.php",110,"mailbbs","Define a constant instead of duplicating this literal ""admin"" 4 times.","CODE_SMELL"
"php:S121","CRITICAL","mailbbs:mailbbs.php",126,"mailbbs","Add curly braces around the nested statement(s).","CODE_SMELL"
"php:S121","CRITICAL","mailbbs:mailbbs.php",131,"mailbbs","Add curly braces around the nested statement(s).","CODE_SMELL"
"php:S1192","CRITICAL","mailbbs:mailbbs.php",136,"mailbbs","Define a constant instead of duplicating this literal "" selected"" 5 times.","CODE_SMELL"
"php:S1599","BLOCKER","mailbbs:mailbbs.php",159,"mailbbs","Remove the use of this variable variable ""$$pname"".","CODE_SMELL"
"php:S121","CRITICAL","mailbbs:mailbbs.php",162,"mailbbs","Add curly braces around the nested statement(s).","CODE_SMELL"
"php:S121","CRITICAL","mailbbs:mailbbs.php",221,"mailbbs","Add curly braces around the nested statement(s).","CODE_SMELL"
"php:S125","MAJOR","mailbbs:mailbbs.php",229,"mailbbs","Remove this commented out code.","CODE_SMELL"
"Web:DoctypePresenceCheck","MAJOR","mailbbs:mailbbs_admin.html",1,"mailbbs","Insert a <!DOCTYPE> declaration to before this <html> tag.","BUG"
"Web:S5254","MAJOR","mailbbs:mailbbs_admin.html",1,"mailbbs","Add ""lang"" and/or ""xml:lang"" attributes to this ""<html>"" element","BUG"
"Web:S1827","MAJOR","mailbbs:mailbbs_admin.html",5,"mailbbs","Remove this deprecated ""bgcolor"" attribute.","CODE_SMELL"
"Web:S1827","MAJOR","mailbbs:mailbbs_admin.html",5,"mailbbs","Remove this deprecated ""text"" attribute.","CODE_SMELL"
"Web:S1827","MAJOR","mailbbs:mailbbs_admin.html",5,"mailbbs","Remove this deprecated ""link"" attribute.","CODE_SMELL"
"Web:S1827","MAJOR","mailbbs:mailbbs_admin.html",5,"mailbbs","Remove this deprecated ""vlink"" attribute.","CODE_SMELL"
"Web:S1827","MAJOR","mailbbs:mailbbs_admin.html",5,"mailbbs","Remove this deprecated ""alink"" attribute.","CODE_SMELL"
"Web:UnsupportedTagsInHtml5Check","MAJOR","mailbbs:mailbbs_admin.html",6,"mailbbs","Remove this deprecated ""center"" element.","BUG"
"Web:UnsupportedTagsInHtml5Check","MAJOR","mailbbs:mailbbs_admin.html",7,"mailbbs","Remove this deprecated ""font"" element.","BUG"
"Web:BoldAndItalicTagsCheck","MINOR","mailbbs:mailbbs_admin.html",7,"mailbbs","Replace this <b> tag by <strong>.","BUG"
"Web:TableWithoutCaptionCheck","MINOR","mailbbs:mailbbs_admin.html",22,"mailbbs","Add a description to this table.","BUG"
"Web:S5256","MAJOR","mailbbs:mailbbs_admin.html",22,"mailbbs","Add ""<th>"" headers to this ""<table>"".","BUG"
"Web:S1827","MAJOR","mailbbs:mailbbs_admin.html",22,"mailbbs","Remove this deprecated ""cellpadding"" attribute.","CODE_SMELL"
"Web:S1827","MAJOR","mailbbs:mailbbs_admin.html",22,"mailbbs","Remove this deprecated ""cellspacing"" attribute.","CODE_SMELL"
"Web:S1827","MAJOR","mailbbs:mailbbs_admin.html",22,"mailbbs","Remove this deprecated ""bgcolor"" attribute.","CODE_SMELL"
"Web:TableWithoutCaptionCheck","MINOR","mailbbs:mailbbs_admin.html",24,"mailbbs","Add a description to this table.","BUG"
"Web:S5256","MAJOR","mailbbs:mailbbs_admin.html",24,"mailbbs","Add ""<th>"" headers to this ""<table>"".","BUG"
"Web:S1827","MAJOR","mailbbs:mailbbs_admin.html",24,"mailbbs","Remove this deprecated ""cellpadding"" attribute.","CODE_SMELL"
"Web:S1827","MAJOR","mailbbs:mailbbs_admin.html",24,"mailbbs","Remove this deprecated ""cellspacing"" attribute.","CODE_SMELL"
"Web:S1827","MAJOR","mailbbs:mailbbs_admin.html",24,"mailbbs","Remove this deprecated ""width"" attribute.","CODE_SMELL"
"Web:UnsupportedTagsInHtml5Check","MAJOR","mailbbs:mailbbs_admin.html",25,"mailbbs","Remove this deprecated ""font"" element.","BUG"
"Web:S1827","MAJOR","mailbbs:mailbbs_admin.html",27,"mailbbs","Remove this deprecated ""bgcolor"" attribute.","CODE_SMELL"
"Web:UnsupportedTagsInHtml5Check","MAJOR","mailbbs:mailbbs_admin.html",27,"mailbbs","Remove this deprecated ""font"" element.","BUG"
"Web:S1827","MAJOR","mailbbs:mailbbs_admin.html",28,"mailbbs","Remove this deprecated ""border"" attribute.","CODE_SMELL"
"Web:S1827","MAJOR","mailbbs:mailbbs_admin.html",28,"mailbbs","Remove this deprecated ""align"" attribute.","CODE_SMELL"
"Web:S1827","MAJOR","mailbbs:mailbbs_admin.html",28,"mailbbs","Remove this deprecated ""vspace"" attribute.","CODE_SMELL"
"Web:S1827","MAJOR","mailbbs:mailbbs_admin.html",29,"mailbbs","Remove this deprecated ""align"" attribute.","CODE_SMELL"
"Web:S1827","MAJOR","mailbbs:mailbbs_admin.html",29,"mailbbs","Remove this deprecated ""vspace"" attribute.","CODE_SMELL"
"Web:S1827","MAJOR","mailbbs:mailbbs_admin.html",32,"mailbbs","Remove this deprecated ""clear"" attribute.","CODE_SMELL"
"Web:S1827","MAJOR","mailbbs:mailbbs_admin.html",32,"mailbbs","Remove this deprecated ""align"" attribute.","CODE_SMELL"
"Web:S5148","BLOCKER","mailbbs:mailbbs_admin.html",39,"mailbbs","Add rel=""noopener noreferrer"" to this link to prevent the original page from being modified by the opened link.","VULNERABILITY"
"Web:UnsupportedTagsInHtml5Check","MAJOR","mailbbs:mailbbs_admin.html",39,"mailbbs","Remove this deprecated ""font"" element.","BUG"
"Web:DoctypePresenceCheck","MAJOR","mailbbs:mailbbs_edit.html",1,"mailbbs","Insert a <!DOCTYPE> declaration to before this <html> tag.","BUG"
"Web:S5254","MAJOR","mailbbs:mailbbs_edit.html",1,"mailbbs","Add ""lang"" and/or ""xml:lang"" attributes to this ""<html>"" element","BUG"
"Web:S1827","MAJOR","mailbbs:mailbbs_edit.html",5,"mailbbs","Remove this deprecated ""bgcolor"" attribute.","CODE_SMELL"
"Web:S1827","MAJOR","mailbbs:mailbbs_edit.html",5,"mailbbs","Remove this deprecated ""text"" attribute.","CODE_SMELL"
"Web:S1827","MAJOR","mailbbs:mailbbs_edit.html",5,"mailbbs","Remove this deprecated ""link"" attribute.","CODE_SMELL"
"Web:S1827","MAJOR","mailbbs:mailbbs_edit.html",5,"mailbbs","Remove this deprecated ""vlink"" attribute.","CODE_SMELL"
"Web:S1827","MAJOR","mailbbs:mailbbs_edit.html",5,"mailbbs","Remove this deprecated ""alink"" attribute.","CODE_SMELL"
"Web:UnsupportedTagsInHtml5Check","MAJOR","mailbbs:mailbbs_edit.html",9,"mailbbs","Remove this deprecated ""center"" element.","BUG"
"Web:TableWithoutCaptionCheck","MINOR","mailbbs:mailbbs_edit.html",10,"mailbbs","Add a description to this table.","BUG"
"Web:S5256","MAJOR","mailbbs:mailbbs_edit.html",10,"mailbbs","Add ""<th>"" headers to this ""<table>"".","BUG"
"Web:S1827","MAJOR","mailbbs:mailbbs_edit.html",10,"mailbbs","Remove this deprecated ""cellpadding"" attribute.","CODE_SMELL"
"Web:S1827","MAJOR","mailbbs:mailbbs_edit.html",10,"mailbbs","Remove this deprecated ""cellspacing"" attribute.","CODE_SMELL"
"Web:S1827","MAJOR","mailbbs:mailbbs_edit.html",10,"mailbbs","Remove this deprecated ""bgcolor"" attribute.","CODE_SMELL"
"Web:S1827","MAJOR","mailbbs:mailbbs_edit.html",10,"mailbbs","Remove this deprecated ""align"" attribute.","CODE_SMELL"
"Web:TableWithoutCaptionCheck","MINOR","mailbbs:mailbbs_edit.html",12,"mailbbs","Add a description to this table.","BUG"
"Web:S5256","MAJOR","mailbbs:mailbbs_edit.html",12,"mailbbs","Add ""<th>"" headers to this ""<table>"".","BUG"
"Web:S1827","MAJOR","mailbbs:mailbbs_edit.html",12,"mailbbs","Remove this deprecated ""cellpadding"" attribute.","CODE_SMELL"
"Web:S1827","MAJOR","mailbbs:mailbbs_edit.html",12,"mailbbs","Remove this deprecated ""cellspacing"" attribute.","CODE_SMELL"
"Web:S1827","MAJOR","mailbbs:mailbbs_edit.html",12,"mailbbs","Remove this deprecated ""width"" attribute.","CODE_SMELL"
"Web:UnsupportedTagsInHtml5Check","MAJOR","mailbbs:mailbbs_edit.html",13,"mailbbs","Remove this deprecated ""font"" element.","BUG"
"Web:S1827","MAJOR","mailbbs:mailbbs_edit.html",15,"mailbbs","Remove this deprecated ""bgcolor"" attribute.","CODE_SMELL"
"Web:UnsupportedTagsInHtml5Check","MAJOR","mailbbs:mailbbs_edit.html",15,"mailbbs","Remove this deprecated ""font"" element.","BUG"
"Web:S1827","MAJOR","mailbbs:mailbbs_edit.html",16,"mailbbs","Remove this deprecated ""bgcolor"" attribute.","CODE_SMELL"
"Web:S1827","MAJOR","mailbbs:mailbbs_edit.html",17,"mailbbs","Remove this deprecated ""align"" attribute.","CODE_SMELL"
"Web:UnsupportedTagsInHtml5Check","MAJOR","mailbbs:mailbbs_edit.html",32,"mailbbs","Remove this deprecated ""font"" element.","BUG"
"Web:S5148","BLOCKER","mailbbs:mailbbs_edit.html",32,"mailbbs","Add rel=""noopener noreferrer"" to this link to prevent the original page from being modified by the opened link.","VULNERABILITY"
"Web:DoctypePresenceCheck","MAJOR","mailbbs:mailbbs_i.html",1,"mailbbs","Insert a <!DOCTYPE> declaration to before this <html> tag.","BUG"
"Web:S5254","MAJOR","mailbbs:mailbbs_i.html",1,"mailbbs","Add ""lang"" and/or ""xml:lang"" attributes to this ""<html>"" element","BUG"
"Web:S1827","MAJOR","mailbbs:mailbbs_i.html",5,"mailbbs","Remove this deprecated ""bgcolor"" attribute.","CODE_SMELL"
"Web:S1827","MAJOR","mailbbs:mailbbs_i.html",5,"mailbbs","Remove this deprecated ""text"" attribute.","CODE_SMELL"
"Web:S1827","MAJOR","mailbbs:mailbbs_i.html",5,"mailbbs","Remove this deprecated ""link"" attribute.","CODE_SMELL"
"Web:S1827","MAJOR","mailbbs:mailbbs_i.html",5,"mailbbs","Remove this deprecated ""vlink"" attribute.","CODE_SMELL"
"Web:S1827","MAJOR","mailbbs:mailbbs_i.html",5,"mailbbs","Remove this deprecated ""alink"" attribute.","CODE_SMELL"
"Web:UnsupportedTagsInHtml5Check","MAJOR","mailbbs:mailbbs_i.html",6,"mailbbs","Remove this deprecated ""font"" element.","BUG"
"Web:BoldAndItalicTagsCheck","MINOR","mailbbs:mailbbs_i.html",6,"mailbbs","Replace this <b> tag by <strong>.","BUG"
"Web:S1827","MAJOR","mailbbs:mailbbs_i.html",9,"mailbbs","Remove this deprecated ""size"" attribute.","CODE_SMELL"
"Web:BoldAndItalicTagsCheck","MINOR","mailbbs:mailbbs_i.html",12,"mailbbs","Replace this <b> tag by <strong>.","BUG"
"Web:UnsupportedTagsInHtml5Check","MAJOR","mailbbs:mailbbs_i.html",20,"mailbbs","Remove this deprecated ""font"" element.","BUG"
"Web:S5148","BLOCKER","mailbbs:mailbbs_i.html",20,"mailbbs","Add rel=""noopener noreferrer"" to this link to prevent the original page from being modified by the opened link.","VULNERABILITY"
"Web:DoctypePresenceCheck","MAJOR","mailbbs:mailbbs_pc.html",1,"mailbbs","Insert a <!DOCTYPE> declaration to before this <html> tag.","BUG"
"Web:S5254","MAJOR","mailbbs:mailbbs_pc.html",1,"mailbbs","Add ""lang"" and/or ""xml:lang"" attributes to this ""<html>"" element","BUG"
"Web:S1827","MAJOR","mailbbs:mailbbs_pc.html",5,"mailbbs","Remove this deprecated ""text"" attribute.","CODE_SMELL"
"Web:S1827","MAJOR","mailbbs:mailbbs_pc.html",5,"mailbbs","Remove this deprecated ""bgcolor"" attribute.","CODE_SMELL"
"Web:S1827","MAJOR","mailbbs:mailbbs_pc.html",5,"mailbbs","Remove this deprecated ""link"" attribute.","CODE_SMELL"
"Web:S1827","MAJOR","mailbbs:mailbbs_pc.html",5,"mailbbs","Remove this deprecated ""vlink"" attribute.","CODE_SMELL"
"Web:S1827","MAJOR","mailbbs:mailbbs_pc.html",5,"mailbbs","Remove this deprecated ""alink"" attribute.","CODE_SMELL"
"Web:UnsupportedTagsInHtml5Check","MAJOR","mailbbs:mailbbs_pc.html",6,"mailbbs","Remove this deprecated ""center"" element.","BUG"
"Web:UnsupportedTagsInHtml5Check","MAJOR","mailbbs:mailbbs_pc.html",7,"mailbbs","Remove this deprecated ""font"" element.","BUG"
"Web:BoldAndItalicTagsCheck","MINOR","mailbbs:mailbbs_pc.html",7,"mailbbs","Replace this <b> tag by <strong>.","BUG"
"Web:TableWithoutCaptionCheck","MINOR","mailbbs:mailbbs_pc.html",15,"mailbbs","Add a description to this table.","BUG"
"Web:S5256","MAJOR","mailbbs:mailbbs_pc.html",15,"mailbbs","Add ""<th>"" headers to this ""<table>"".","BUG"
"Web:S1827","MAJOR","mailbbs:mailbbs_pc.html",15,"mailbbs","Remove this deprecated ""cellpadding"" attribute.","CODE_SMELL"
"Web:S1827","MAJOR","mailbbs:mailbbs_pc.html",15,"mailbbs","Remove this deprecated ""cellspacing"" attribute.","CODE_SMELL"
"Web:S1827","MAJOR","mailbbs:mailbbs_pc.html",15,"mailbbs","Remove this deprecated ""bgcolor"" attribute.","CODE_SMELL"
"Web:TableWithoutCaptionCheck","MINOR","mailbbs:mailbbs_pc.html",17,"mailbbs","Add a description to this table.","BUG"
"Web:S5256","MAJOR","mailbbs:mailbbs_pc.html",17,"mailbbs","Add ""<th>"" headers to this ""<table>"".","BUG"
"Web:S1827","MAJOR","mailbbs:mailbbs_pc.html",17,"mailbbs","Remove this deprecated ""cellpadding"" attribute.","CODE_SMELL"
"Web:S1827","MAJOR","mailbbs:mailbbs_pc.html",17,"mailbbs","Remove this deprecated ""cellspacing"" attribute.","CODE_SMELL"
"Web:S1827","MAJOR","mailbbs:mailbbs_pc.html",17,"mailbbs","Remove this deprecated ""width"" attribute.","CODE_SMELL"
"Web:UnsupportedTagsInHtml5Check","MAJOR","mailbbs:mailbbs_pc.html",18,"mailbbs","Remove this deprecated ""font"" element.","BUG"
"Web:S1827","MAJOR","mailbbs:mailbbs_pc.html",20,"mailbbs","Remove this deprecated ""bgcolor"" attribute.","CODE_SMELL"
"Web:UnsupportedTagsInHtml5Check","MAJOR","mailbbs:mailbbs_pc.html",20,"mailbbs","Remove this deprecated ""font"" element.","BUG"
"Web:S1827","MAJOR","mailbbs:mailbbs_pc.html",21,"mailbbs","Remove this deprecated ""border"" attribute.","CODE_SMELL"
"Web:S1827","MAJOR","mailbbs:mailbbs_pc.html",21,"mailbbs","Remove this deprecated ""align"" attribute.","CODE_SMELL"
"Web:S1827","MAJOR","mailbbs:mailbbs_pc.html",21,"mailbbs","Remove this deprecated ""vspace"" attribute.","CODE_SMELL"
"Web:S1827","MAJOR","mailbbs:mailbbs_pc.html",22,"mailbbs","Remove this deprecated ""align"" attribute.","CODE_SMELL"
"Web:S1827","MAJOR","mailbbs:mailbbs_pc.html",22,"mailbbs","Remove this deprecated ""vspace"" attribute.","CODE_SMELL"
"Web:S1827","MAJOR","mailbbs:mailbbs_pc.html",25,"mailbbs","Remove this deprecated ""clear"" attribute.","CODE_SMELL"
"Web:S1827","MAJOR","mailbbs:mailbbs_pc.html",25,"mailbbs","Remove this deprecated ""align"" attribute.","CODE_SMELL"
"Web:UnsupportedTagsInHtml5Check","MAJOR","mailbbs:mailbbs_pc.html",31,"mailbbs","Remove this deprecated ""font"" element.","BUG"
"Web:S5148","BLOCKER","mailbbs:mailbbs_pc.html",31,"mailbbs","Add rel=""noopener noreferrer"" to this link to prevent the original page from being modified by the opened link.","VULNERABILITY"
"php:S121","CRITICAL","mailbbs:pop.php",48,"mailbbs","Add curly braces around the nested statement(s).","CODE_SMELL"
"php:S121","CRITICAL","mailbbs:pop.php",57,"mailbbs","Add curly braces around the nested statement(s).","CODE_SMELL"
"php:S121","CRITICAL","mailbbs:pop.php",91,"mailbbs","Add curly braces around the nested statement(s).","CODE_SMELL"
"php:S121","CRITICAL","mailbbs:pop.php",110,"mailbbs","Add curly braces around the nested statement(s).","CODE_SMELL"
"php:S1871","MAJOR","mailbbs:pop.php",116,"mailbbs","This branch's code block is the same as the block for the branch on line 114.","CODE_SMELL"
"php:S1871","MAJOR","mailbbs:pop.php",118,"mailbbs","This branch's code block is the same as the block for the branch on line 114.","CODE_SMELL"
"php:S121","CRITICAL","mailbbs:pop.php",123,"mailbbs","Add curly braces around the nested statement(s).","CODE_SMELL"
"php:S125","MAJOR","mailbbs:pop.php",133,"mailbbs","Remove this commented out code.","CODE_SMELL"
"php:S121","CRITICAL","mailbbs:pop.php",144,"mailbbs","Add curly braces around the nested statement(s).","CODE_SMELL"
"php:S121","CRITICAL","mailbbs:pop.php",148,"mailbbs","Add curly braces around the nested statement(s).","CODE_SMELL"
"php:S121","CRITICAL","mailbbs:pop.php",150,"mailbbs","Add curly braces around the nested statement(s).","CODE_SMELL"
"php:S121","CRITICAL","mailbbs:pop.php",153,"mailbbs","Add curly braces around the nested statement(s).","CODE_SMELL"
"php:S121","CRITICAL","mailbbs:pop.php",167,"mailbbs","Add curly braces around the nested statement(s).","CODE_SMELL"
"php:S121","CRITICAL","mailbbs:pop.php",171,"mailbbs","Add curly braces around the nested statement(s).","CODE_SMELL"
"php:S121","CRITICAL","mailbbs:pop.php",191,"mailbbs","Add curly braces around the nested statement(s).","CODE_SMELL"
"php:S121","CRITICAL","mailbbs:pop.php",192,"mailbbs","Add curly braces around the nested statement(s).","CODE_SMELL"
"php:S121","CRITICAL","mailbbs:pop.php",210,"mailbbs","Add curly braces around the nested statement(s).","CODE_SMELL"
"php:S121","CRITICAL","mailbbs:pop.php",213,"mailbbs","Add curly braces around the nested statement(s).","CODE_SMELL"
"php:S121","CRITICAL","mailbbs:pop.php",216,"mailbbs","Add curly braces around the nested statement(s).","CODE_SMELL"
"php:S121","CRITICAL","mailbbs:pop.php",231,"mailbbs","Add curly braces around the nested statement(s).","CODE_SMELL"
"php:S125","MAJOR","mailbbs:pop.php",282,"mailbbs","Remove this commented out code.","CODE_SMELL"
"Web:DoctypePresenceCheck","MAJOR","mailbbs:riyou.html",1,"mailbbs","Insert a <!DOCTYPE> declaration to before this <html> tag.","BUG"
"Web:S5254","MAJOR","mailbbs:riyou.html",1,"mailbbs","Add ""lang"" and/or ""xml:lang"" attributes to this ""<html>"" element","BUG"
"Web:BoldAndItalicTagsCheck","MINOR","mailbbs:riyou.html",5,"mailbbs","Replace this <b> tag by <strong>.","BUG"
"Web:BoldAndItalicTagsCheck","MINOR","mailbbs:riyou.html",14,"mailbbs","Replace this <b> tag by <strong>.","BUG"
"Web:BoldAndItalicTagsCheck","MINOR","mailbbs:riyou.html",18,"mailbbs","Replace this <b> tag by <strong>.","BUG"
"php:S131","CRITICAL","mailbbs:thumb.php",7,"mailbbs","Add a ""case default"" clause to this ""switch"" statement.","CODE_SMELL"
"php:S121","CRITICAL","mailbbs:thumb.php",12,"mailbbs","Add curly braces around the nested statement(s).","CODE_SMELL"
"php:S121","CRITICAL","mailbbs:thumb.php",26,"mailbbs","Add curly braces around the nested statement(s).","CODE_SMELL"
"php:S121","CRITICAL","mailbbs:thumb.php",28,"mailbbs","Add curly braces around the nested statement(s).","CODE_SMELL"
"php:S1854","MAJOR","mailbbs:thumb.php",28,"mailbbs","Remove this useless assignment to local variable '$resize'.","CODE_SMELL"
"php:S125","MAJOR","mailbbs:thumb.php",34,"mailbbs","Remove this commented out code.","CODE_SMELL"
"php:S101","MINOR","mailbbs:tree.php",49,"mailbbs","Rename class ""tree"" to match the regular expression ^[A-Z][a-zA-Z0-9]*$.","CODE_SMELL"
"php:S1448","MAJOR","mailbbs:tree.php",49,"mailbbs","Class ""tree"" has 30 methods, which is greater than 20 authorized. Split it into smaller classes.","CODE_SMELL"
"php:S1603","MAJOR","mailbbs:tree.php",186,"mailbbs","Replace this function name ""tree"" with ""__construct"".","CODE_SMELL"
"php:S125","MAJOR","mailbbs:tree.php",189,"mailbbs","Remove this commented out code.","CODE_SMELL"
"php:S121","CRITICAL","mailbbs:tree.php",199,"mailbbs","Add curly braces around the nested statement(s).","CODE_SMELL"
"php:S121","CRITICAL","mailbbs:tree.php",211,"mailbbs","Add curly braces around the nested statement(s).","CODE_SMELL"
"php:S1117","MAJOR","mailbbs:tree.php",216,"mailbbs","Rename ""$root"" which has the same name as the field declared at line 53.","CODE_SMELL"
"php:S121","CRITICAL","mailbbs:tree.php",219,"mailbbs","Add curly braces around the nested statement(s).","CODE_SMELL"
"php:S1488","MINOR","mailbbs:tree.php",222,"mailbbs","Immediately return this expression instead of assigning it to the temporary variable ""$html"".","CODE_SMELL"
"php:S121","CRITICAL","mailbbs:tree.php",233,"mailbbs","Add curly braces around the nested statement(s).","CODE_SMELL"
"php:S1488","MINOR","mailbbs:tree.php",246,"mailbbs","Immediately return this expression instead of assigning it to the temporary variable ""$html"".","CODE_SMELL"
"php:S836","MAJOR","mailbbs:tree.php",246,"mailbbs","Review the data-flow - use of uninitialized value.","BUG"
"php:S121","CRITICAL","mailbbs:tree.php",257,"mailbbs","Add curly braces around the nested statement(s).","CODE_SMELL"
"php:S121","CRITICAL","mailbbs:tree.php",259,"mailbbs","Add curly braces around the nested statement(s).","CODE_SMELL"
"php:S1117","MAJOR","mailbbs:tree.php",263,"mailbbs","Rename ""$id"" which has the same name as the field declared at line 51.","CODE_SMELL"
"php:S121","CRITICAL","mailbbs:tree.php",264,"mailbbs","Add curly braces around the nested statement(s).","CODE_SMELL"
"php:S121","CRITICAL","mailbbs:tree.php",271,"mailbbs","Add curly braces around the nested statement(s).","CODE_SMELL"
"php:S121","CRITICAL","mailbbs:tree.php",272,"mailbbs","Add curly braces around the nested statement(s).","CODE_SMELL"
"php:S1488","MINOR","mailbbs:tree.php",274,"mailbbs","Immediately return this expression instead of assigning it to the temporary variable ""$html"".","CODE_SMELL"
"php:S1192","CRITICAL","mailbbs:tree.php",282,"mailbbs","Define a constant instead of duplicating this literal ""quote"" 4 times.","CODE_SMELL"
"php:S107","MAJOR","mailbbs:tree.php",282,"mailbbs","This function has 10 parameters, which is greater than the 7 authorized.","CODE_SMELL"
"php:S3776","CRITICAL","mailbbs:tree.php",282,"mailbbs","Refactor this function to reduce its Cognitive Complexity from 16 to the 15 allowed.","CODE_SMELL"
"php:S121","CRITICAL","mailbbs:tree.php",289,"mailbbs","Add curly braces around the nested statement(s).","CODE_SMELL"
"php:S1192","CRITICAL","mailbbs:tree.php",305,"mailbbs","Define a constant instead of duplicating this literal ""<br( /)?>"" 3 times.","CODE_SMELL"
"php:S1481","MINOR","mailbbs:tree.php",319,"mailbbs","Remove this unused ""$kako"" local variable.","CODE_SMELL"
"php:S121","CRITICAL","mailbbs:tree.php",319,"mailbbs","Add curly braces around the nested statement(s).","CODE_SMELL"
"php:S121","CRITICAL","mailbbs:tree.php",320,"mailbbs","Add curly braces around the nested statement(s).","CODE_SMELL"
"php:S836","MAJOR","mailbbs:tree.php",321,"mailbbs","Review the data-flow - use of uninitialized value.","BUG"
"php:S121","CRITICAL","mailbbs:tree.php",344,"mailbbs","Add curly braces around the nested statement(s).","CODE_SMELL"
"php:S121","CRITICAL","mailbbs:tree.php",345,"mailbbs","Add curly braces around the nested statement(s).","CODE_SMELL"
"php:S1488","MINOR","mailbbs:tree.php",346,"mailbbs","Immediately return this expression instead of assigning it to the temporary variable ""$html"".","CODE_SMELL"
"php:S121","CRITICAL","mailbbs:tree.php",393,"mailbbs","Add curly braces around the nested statement(s).","CODE_SMELL"
"php:S1488","MINOR","mailbbs:tree.php",401,"mailbbs","Immediately return this expression instead of assigning it to the temporary variable ""$html"".","CODE_SMELL"
"php:S1599","BLOCKER","mailbbs:tree.php",423,"mailbbs","Remove the use of this variable variable ""$$view"".","CODE_SMELL"
"php:S121","CRITICAL","mailbbs:tree.php",424,"mailbbs","Add curly braces around the nested statement(s).","CODE_SMELL"
"php:S1488","MINOR","mailbbs:tree.php",426,"mailbbs","Immediately return this expression instead of assigning it to the temporary variable ""$html"".","CODE_SMELL"
"php:S836","MAJOR","mailbbs:tree.php",434,"mailbbs","Review the data-flow - use of uninitialized value.","BUG"
"php:S836","MAJOR","mailbbs:tree.php",435,"mailbbs","Review the data-flow - use of uninitialized value.","BUG"
"php:S836","MAJOR","mailbbs:tree.php",436,"mailbbs","Review the data-flow - use of uninitialized value.","BUG"
"php:S1488","MINOR","mailbbs:tree.php",473,"mailbbs","Immediately return this expression instead of assigning it to the temporary variable ""$html"".","CODE_SMELL"
"php:S1488","MINOR","mailbbs:tree.php",486,"mailbbs","Immediately return this expression instead of assigning it to the temporary variable ""$html"".","CODE_SMELL"
"php:S121","CRITICAL","mailbbs:tree.php",509,"mailbbs","Add curly braces around the nested statement(s).","CODE_SMELL"
"php:S125","MAJOR","mailbbs:tree.php",511,"mailbbs","Remove this commented out code.","CODE_SMELL"
"php:S3776","CRITICAL","mailbbs:tree.php",517,"mailbbs","Refactor this function to reduce its Cognitive Complexity from 19 to the 15 allowed.","CODE_SMELL"
"php:S121","CRITICAL","mailbbs:tree.php",518,"mailbbs","Add curly braces around the nested statement(s).","CODE_SMELL"
"php:S131","CRITICAL","mailbbs:tree.php",520,"mailbbs","Add a ""case default"" clause to this ""switch"" statement.","CODE_SMELL"
"php:S1488","MINOR","mailbbs:tree.php",556,"mailbbs","Immediately return this expression instead of assigning it to the temporary variable ""$html"".","CODE_SMELL"
"php:S121","CRITICAL","mailbbs:tree.php",564,"mailbbs","Add curly braces around the nested statement(s).","CODE_SMELL"
"php:S131","CRITICAL","mailbbs:tree.php",565,"mailbbs","Add a ""case default"" clause to this ""switch"" statement.","CODE_SMELL"
"php:S1301","MINOR","mailbbs:tree.php",596,"mailbbs","Replace this ""switch"" statement with ""if"" statements to increase readability.","CODE_SMELL"
"php:S131","CRITICAL","mailbbs:tree.php",596,"mailbbs","Add a ""case default"" clause to this ""switch"" statement.","CODE_SMELL"
"php:S1488","MINOR","mailbbs:tree.php",605,"mailbbs","Immediately return this expression instead of assigning it to the temporary variable ""$html"".","CODE_SMELL"
"php:S121","CRITICAL","mailbbs:tree.php",615,"mailbbs","Add curly braces around the nested statement(s).","CODE_SMELL"
"php:S121","CRITICAL","mailbbs:tree.php",617,"mailbbs","Add curly braces around the nested statement(s).","CODE_SMELL"
"php:S3776","CRITICAL","mailbbs:tree.php",639,"mailbbs","Refactor this function to reduce its Cognitive Complexity from 40 to the 15 allowed.","CODE_SMELL"
"php:S121","CRITICAL","mailbbs:tree.php",642,"mailbbs","Add curly braces around the nested statement(s).","CODE_SMELL"
"php:S121","CRITICAL","mailbbs:tree.php",643,"mailbbs","Add curly braces around the nested statement(s).","CODE_SMELL"
"php:S131","CRITICAL","mailbbs:tree.php",645,"mailbbs","Add a ""case default"" clause to this ""switch"" statement.","CODE_SMELL"
"php:S125","MAJOR","mailbbs:tree.php",647,"mailbbs","Remove this commented out code.","CODE_SMELL"
"php:S1481","MINOR","mailbbs:tree.php",655,"mailbbs","Remove this unused ""$lno"" local variable.","CODE_SMELL"
"php:S1481","MINOR","mailbbs:tree.php",655,"mailbbs","Remove this unused ""$lemail"" local variable.","CODE_SMELL"
"php:S1481","MINOR","mailbbs:tree.php",655,"mailbbs","Remove this unused ""$lurl"" local variable.","CODE_SMELL"
"php:S1481","MINOR","mailbbs:tree.php",655,"mailbbs","Remove this unused ""$ltim"" local variable.","CODE_SMELL"
"php:S1481","MINOR","mailbbs:tree.php",655,"mailbbs","Remove this unused ""$lhost"" local variable.","CODE_SMELL"
"php:S1854","MAJOR","mailbbs:tree.php",655,"mailbbs","Remove this useless assignment to local variable '$oya'.","CODE_SMELL"
"php:S1192","CRITICAL","mailbbs:tree.php",665,"mailbbs","Define a constant instead of duplicating this literal ""{name}"" 3 times.","CODE_SMELL"
"php:S121","CRITICAL","mailbbs:tree.php",665,"mailbbs","Add curly braces around the nested statement(s).","CODE_SMELL"
"php:S1192","CRITICAL","mailbbs:tree.php",666,"mailbbs","Define a constant instead of duplicating this literal ""{email}"" 4 times.","CODE_SMELL"
"php:S121","CRITICAL","mailbbs:tree.php",666,"mailbbs","Add curly braces around the nested statement(s).","CODE_SMELL"
"php:S121","CRITICAL","mailbbs:tree.php",667,"mailbbs","Add curly braces around the nested statement(s).","CODE_SMELL"
"php:S121","CRITICAL","mailbbs:tree.php",675,"mailbbs","Add curly braces around the nested statement(s).","CODE_SMELL"
"php:S121","CRITICAL","mailbbs:tree.php",676,"mailbbs","Add curly braces around the nested statement(s).","CODE_SMELL"
"php:S121","CRITICAL","mailbbs:tree.php",687,"mailbbs","Add curly braces around the nested statement(s).","CODE_SMELL"
"php:S121","CRITICAL","mailbbs:tree.php",688,"mailbbs","Add curly braces around the nested statement(s).","CODE_SMELL"
"php:S121","CRITICAL","mailbbs:tree.php",689,"mailbbs","Add curly braces around the nested statement(s).","CODE_SMELL"
"php:S121","CRITICAL","mailbbs:tree.php",690,"mailbbs","Add curly braces around the nested statement(s).","CODE_SMELL"
"php:S121","CRITICAL","mailbbs:tree.php",692,"mailbbs","Add curly braces around the nested statement(s).","CODE_SMELL"
"php:S121","CRITICAL","mailbbs:tree.php",693,"mailbbs","Add curly braces around the nested statement(s).","CODE_SMELL"
"php:S121","CRITICAL","mailbbs:tree.php",711,"mailbbs","Add curly braces around the nested statement(s).","CODE_SMELL"
"php:S121","CRITICAL","mailbbs:tree.php",712,"mailbbs","Add curly braces around the nested statement(s).","CODE_SMELL"
"php:S107","MAJOR","mailbbs:tree.php",720,"mailbbs","This function has 10 parameters, which is greater than the 7 authorized.","CODE_SMELL"
"php:S1142","MAJOR","mailbbs:tree.php",720,"mailbbs","Reduce the number of returns of this function 19, down to the maximum allowed 3.","CODE_SMELL"
"php:S3776","CRITICAL","mailbbs:tree.php",720,"mailbbs","Refactor this function to reduce its Cognitive Complexity from 39 to the 15 allowed.","CODE_SMELL"
"php:S1788","MAJOR","mailbbs:tree.php",720,"mailbbs","Move arguments ""$root"", ""$oya"" after arguments without default value","CODE_SMELL"
"php:S1192","CRITICAL","mailbbs:tree.php",724,"mailbbs","Define a constant instead of duplicating this literal ""不正な投稿をしないで下さい"" 3 times.","CODE_SMELL"
"php:S121","CRITICAL","mailbbs:tree.php",736,"mailbbs","Add curly braces around the nested statement(s).","CODE_SMELL"
"php:S1192","CRITICAL","mailbbs:tree.php",750,"mailbbs","Define a constant instead of duplicating this literal "".+@.+\\..+"" 3 times.","CODE_SMELL"
"php:S836","MAJOR","mailbbs:tree.php",777,"mailbbs","Review the data-flow - use of uninitialized value.","BUG"
"php:S121","CRITICAL","mailbbs:tree.php",806,"mailbbs","Add curly braces around the nested statement(s).","CODE_SMELL"
"php:S121","CRITICAL","mailbbs:tree.php",834,"mailbbs","Add curly braces around the nested statement(s).","CODE_SMELL"
"php:S3776","CRITICAL","mailbbs:tree.php",855,"mailbbs","Refactor this function to reduce its Cognitive Complexity from 29 to the 15 allowed.","CODE_SMELL"
"php:S1481","MINOR","mailbbs:tree.php",857,"mailbbs","Remove this unused ""$url"" local variable.","CODE_SMELL"
"php:S1481","MINOR","mailbbs:tree.php",857,"mailbbs","Remove this unused ""$tim"" local variable.","CODE_SMELL"
"php:S1481","MINOR","mailbbs:tree.php",857,"mailbbs","Remove this unused ""$pwd"" local variable.","CODE_SMELL"
"php:S1481","MINOR","mailbbs:tree.php",857,"mailbbs","Remove this unused ""$email_reply"" local variable.","CODE_SMELL"
"php:S1117","MAJOR","mailbbs:tree.php",860,"mailbbs","Rename ""$new_msg"" which has the same name as the field declared at line 176.","CODE_SMELL"
"php:S125","MAJOR","mailbbs:tree.php",861,"mailbbs","Remove this commented out code.","CODE_SMELL"
"php:S1481","MINOR","mailbbs:tree.php",892,"mailbbs","Remove this unused ""$id"" local variable.","CODE_SMELL"
"php:S1481","MINOR","mailbbs:tree.php",892,"mailbbs","Remove this unused ""$oy"" local variable.","CODE_SMELL"
"php:S121","CRITICAL","mailbbs:tree.php",893,"mailbbs","Add curly braces around the nested statement(s).","CODE_SMELL"
"php:S121","CRITICAL","mailbbs:tree.php",894,"mailbbs","Add curly braces around the nested statement(s).","CODE_SMELL"
"php:S1066","MAJOR","mailbbs:tree.php",903,"mailbbs","Merge this if statement with the enclosing one.","CODE_SMELL"
"php:S1481","MINOR","mailbbs:tree.php",906,"mailbbs","Remove this unused ""$boya"" local variable.","CODE_SMELL"
"php:S1481","MINOR","mailbbs:tree.php",906,"mailbbs","Remove this unused ""$broot"" local variable.","CODE_SMELL"
"php:S1481","MINOR","mailbbs:tree.php",950,"mailbbs","Remove this unused ""$oya"" local variable.","CODE_SMELL"
"php:S1481","MINOR","mailbbs:tree.php",950,"mailbbs","Remove this unused ""$root"" local variable.","CODE_SMELL"
"php:S1481","MINOR","mailbbs:tree.php",950,"mailbbs","Remove this unused ""$subj"" local variable.","CODE_SMELL"
"php:S1481","MINOR","mailbbs:tree.php",950,"mailbbs","Remove this unused ""$name"" local variable.","CODE_SMELL"
"php:S1481","MINOR","mailbbs:tree.php",950,"mailbbs","Remove this unused ""$email"" local variable.","CODE_SMELL"
"php:S1481","MINOR","mailbbs:tree.php",950,"mailbbs","Remove this unused ""$date"" local variable.","CODE_SMELL"
"php:S1481","MINOR","mailbbs:tree.php",950,"mailbbs","Remove this unused ""$com"" local variable.","CODE_SMELL"
"php:S1481","MINOR","mailbbs:tree.php",950,"mailbbs","Remove this unused ""$url"" local variable.","CODE_SMELL"
"php:S1481","MINOR","mailbbs:tree.php",950,"mailbbs","Remove this unused ""$tim"" local variable.","CODE_SMELL"
"php:S1481","MINOR","mailbbs:tree.php",950,"mailbbs","Remove this unused ""$host"" local variable.","CODE_SMELL"
"php:S1481","MINOR","mailbbs:tree.php",950,"mailbbs","Remove this unused ""$pwd"" local variable.","CODE_SMELL"
"php:S1481","MINOR","mailbbs:tree.php",950,"mailbbs","Remove this unused ""$email_reply"" local variable.","CODE_SMELL"
"php:S1117","MAJOR","mailbbs:tree.php",953,"mailbbs","Rename ""$new_msg"" which has the same name as the field declared at line 176.","CODE_SMELL"
"php:S121","CRITICAL","mailbbs:tree.php",983,"mailbbs","Add curly braces around the nested statement(s).","CODE_SMELL"
"php:S125","MAJOR","mailbbs:tree.php",986,"mailbbs","Remove this commented out code.","CODE_SMELL"
"php:S1488","MINOR","mailbbs:tree.php",1002,"mailbbs","Immediately return this expression instead of assigning it to the temporary variable ""$str"".","CODE_SMELL"
"php:S1142","MAJOR","mailbbs:tree.php",1010,"mailbbs","Reduce the number of returns of this function 4, down to the maximum allowed 3.","CODE_SMELL"
"php:S1142","MAJOR","mailbbs:tree.php",1039,"mailbbs","Reduce the number of returns of this function 4, down to the maximum allowed 3.","CODE_SMELL"
"php:S3776","CRITICAL","mailbbs:tree.php",1064,"mailbbs","Refactor this function to reduce its Cognitive Complexity from 17 to the 15 allowed.","CODE_SMELL"
"php:S121","CRITICAL","mailbbs:tree.php",1067,"mailbbs","Add curly braces around the nested statement(s).","CODE_SMELL"
"php:S121","CRITICAL","mailbbs:tree.php",1068,"mailbbs","Add curly braces around the nested statement(s).","CODE_SMELL"
"php:S121","CRITICAL","mailbbs:tree.php",1073,"mailbbs","Add curly braces around the nested statement(s).","CODE_SMELL"
"php:S121","CRITICAL","mailbbs:tree.php",1082,"mailbbs","Add curly braces around the nested statement(s).","CODE_SMELL"
"php:S836","MAJOR","mailbbs:tree.php",1086,"mailbbs","Review the data-flow - use of uninitialized value.","BUG"
"php:S121","CRITICAL","mailbbs:tree.php",1098,"mailbbs","Add curly braces around the nested statement(s).","CODE_SMELL"
"php:S125","MAJOR","mailbbs:tree.php",1101,"mailbbs","Remove this commented out code.","CODE_SMELL"
"php:S1117","MAJOR","mailbbs:tree.php",1104,"mailbbs","Rename ""$head"" which has the same name as the field declared at line 110.","CODE_SMELL"
"php:S125","MAJOR","mailbbs:tree.php",1114,"mailbbs","Remove this commented out code.","CODE_SMELL"
"php:S1488","MINOR","mailbbs:tree.php",1115,"mailbbs","Immediately return this expression instead of assigning it to the temporary variable ""$encode"".","CODE_SMELL"
"php:S121","CRITICAL","mailbbs:tree.php",1123,"mailbbs","Add curly braces around the nested statement(s).","CODE_SMELL"
"Web:S1827","MAJOR","mailbbs:tree.php",1134,"mailbbs","Remove this deprecated ""align"" attribute.","CODE_SMELL"
"php:S1488","MINOR","mailbbs:tree.php",1134,"mailbbs","Immediately return this expression instead of assigning it to the temporary variable ""$foot"".","CODE_SMELL"
"php:S1117","MAJOR","mailbbs:tree.php",1134,"mailbbs","Rename ""$foot"" which has the same name as the field declared at line 173.","CODE_SMELL"
"php:S1488","MINOR","mailbbs:tree.php",1163,"mailbbs","Immediately return this expression instead of assigning it to the temporary variable ""$uri"".","CODE_SMELL"
"php:S121","CRITICAL","mailbbs:tree.php",1171,"mailbbs","Add curly braces around the nested statement(s).","CODE_SMELL"
"Web:TableWithoutCaptionCheck","MINOR","mailbbs:tree.php",1172,"mailbbs","Add a description to this table.","BUG"
"Web:S5256","MAJOR","mailbbs:tree.php",1172,"mailbbs","Add ""<th>"" headers to this ""<table>"".","BUG"
"Web:S1827","MAJOR","mailbbs:tree.php",1172,"mailbbs","Remove this deprecated ""cellpadding"" attribute.","CODE_SMELL"
"Web:S1827","MAJOR","mailbbs:tree.php",1172,"mailbbs","Remove this deprecated ""cellspacing"" attribute.","CODE_SMELL"
"Web:S1827","MAJOR","mailbbs:tree.php",1172,"mailbbs","Remove this deprecated ""width"" attribute.","CODE_SMELL"
"Web:S1827","MAJOR","mailbbs:tree.php",1172,"mailbbs","Remove this deprecated ""align"" attribute.","CODE_SMELL"
"php:S1488","MINOR","mailbbs:tree.php",1172,"mailbbs","Immediately return this expression instead of assigning it to the temporary variable ""$html"".","CODE_SMELL"
"Web:S1827","MAJOR","mailbbs:tree.php",1173,"mailbbs","Remove this deprecated ""align"" attribute.","CODE_SMELL"
"Web:UnsupportedTagsInHtml5Check","MAJOR","mailbbs:tree.php",1173,"mailbbs","Remove this deprecated ""font"" element.","BUG"
"Web:S1827","MAJOR","mailbbs:tree.php",1173,"mailbbs","Remove this deprecated ""align"" attribute.","CODE_SMELL"
"Web:BoldAndItalicTagsCheck","MINOR","mailbbs:tree.php",1173,"mailbbs","Replace this <b> tag by <strong>.","BUG"
"Web:MetaRefreshCheck","MAJOR","mailbbs:tree.php",1181,"mailbbs","Remove this meta refresh tag.","CODE_SMELL"
"php:S131","CRITICAL","mailbbs:tree.php",1189,"mailbbs","Add a ""case default"" clause to this ""switch"" statement.","CODE_SMELL"
